Carmel,09833559c,Piesing,Owando,37,82205 Farragut Street
Katusha,28358685i,Patkin,Oliveira do Conde,28,55 Northport Crossing
Vladimir,44394410x,Glassard,Chiscas,61,5 Farragut Circle
Abe,66507970v,Vazquez,Albacete,62,9111 Sommers Alley
Evania,68823029f,McGuiney,Cineumbeuy,55,1517 Hallows Crossing
Alexandro,43139129v,Corneliussen,Murcia,57,9210 Florence Drive
Cathlene,60906510a,Deble,Corozal,32,85 Eastwood Crossing
Marty,59085787b,Schowenburg,Zaragoza,61,13 Atwood Park
Jaine,98636595p,Wattam,Sewon,43,2820 Boyd Junction
Olive,03636258n,Islep,Puertollano,34,00 Bayside Court
